Nabeel,1741697871,1741697881,0,0
Nabeel,1741697892,1741697902,1,0
Nabeel,1741697907,1741697917,2,0
Nabeel,1741697920,1741697930,3,0
Nabeel,1741697934,1741697944,4,0
Nabeel,1741697952,1741697962,5,0
Nabeel,1741697965,1741697975,6,0
Nabeel,1741697979,1741697989,7,0
Nabeel,1741697992,1741698002,8,0
Nabeel,1741698006,1741698016,9,0
Nabeel,1741698023,1741698033,10,0
Nabeel,1741698036,1741698046,11,0
Nabeel,1741698051,1741698061,12,0
Nabeel,1741698064,1741698074,13,0
Nabeel,1741698079,1741698089,14,0
Nabeel,1741698096,1741698106,15,0
Nabeel,1741698110,1741698120,16,0
Nabeel,1741698124,1741698134,17,0
Nabeel,1741698138,1741698148,18,0
Nabeel,1741698151,1741698161,19,0
Heng,1741698860,1741698870,0,0
Heng,1741698876,1741698887,1,0
Heng,1741698892,1741698902,2,0
Heng,1741698907,1741698917,3,0
Heng,1741698922,1741698932,4,0
Heng,1741698942,1741698952,5,0
Heng,1741698957,1741698967,6,0
Heng,1741698971,1741698981,7,0
Heng,1741699009,1741699019,8,0
Heng,1741699025,1741699035,9,0
Heng,1741699044,1741699054,10,0
Heng,1741699060,1741699070,11,0
Heng,1741699075,1741699085,12,0
Heng,1741699089,1741699099,13,0
Heng,1741699103,1741699113,14,0
Heng,1741699120,1741699131,15,0
Heng,1741699135,1741699145,16,0
Heng,1741699150,1741699160,17,0
Heng,1741699164,1741699174,18,0
Heng,1741699179,1741699189,19,0
Daniel,1741699831,1741699841,0,0
Daniel,1741699849,1741699859,1,0
Daniel,1741699864,1741699874,2,0
Daniel,1741699879,1741699889,3,0
Daniel,1741699895,1741699905,4,0
Daniel,1741699914,1741699924,5,0
Daniel,1741699929,1741699939,6,0
Daniel,1741699945,1741699955,7,0
Daniel,1741699961,1741699971,8,0
Daniel,1741699976,1741699987,9,0
Daniel,1741699996,1741700006,10,0
Daniel,1741700012,1741700022,11,0
Daniel,1741700028,1741700038,12,0
Daniel,1741700044,1741700054,13,0
Daniel,1741700061,1741700071,14,0
Daniel,1741700081,1741700091,15,0
Daniel,1741700097,1741700107,16,0
Daniel,1741700112,1741700122,17,0
Daniel,1741700127,1741700137,18,0
Daniel,1741700142,1741700152,19,0
Fabian,1741701305,1741701315,0,0
Fabian,1741701320,1741701330,1,0
Fabian,1741701335,1741701345,2,0
Fabian,1741701348,1741701358,3,0
Fabian,1741701361,1741701371,4,0
Fabian,1741701382,1741701392,5,0
Fabian,1741701396,1741701406,6,0
Fabian,1741701409,1741701419,7,0
Fabian,1741701423,1741701433,8,0
Fabian,1741701436,1741701446,9,0
Fabian,1741701454,1741701464,10,0
Fabian,1741701467,1741701477,11,0
Fabian,1741701481,1741701491,12,0
Fabian,1741701494,1741701504,13,0
Fabian,1741701508,1741701518,14,0
Fabian,1741701524,1741701534,15,0
Fabian,1741701538,1741701548,16,0
Fabian,1741701551,1741701561,17,0
Fabian,1741701564,1741701574,18,0
Fabian,1741701578,1741701588,19,0
Wouter,1741707982,1741707992,0,0
Wouter,1741707999,1741708009,1,0
Wouter,1741708014,1741708024,2,0
Wouter,1741708029,1741708039,3,0
Wouter,1741708044,1741708054,4,0
Wouter,1741708063,1741708073,5,0
Wouter,1741708077,1741708087,6,0
Wouter,1741708091,1741708101,7,0
Wouter,1741708105,1741708115,8,0
Wouter,1741708118,1741708128,9,0
Wouter,1741708135,1741708145,10,0
Wouter,1741708149,1741708159,11,0
Wouter,1741708164,1741708174,12,0
Wouter,1741708178,1741708188,13,0
Wouter,1741708192,1741708202,14,0
Wouter,1741708423,1741708433,15,0
Wouter,1741708438,1741708448,16,0
Wouter,1741708453,1741708463,17,0
Wouter,1741708466,1741708477,18,0
Wouter,1741708483,1741708493,19,0
Jacob,1741709251,1741709261,0,0
Jacob,1741709266,1741709276,1,0
Jacob,1741709280,1741709291,2,0
Jacob,1741709296,1741709306,3,0
Jacob,1741709311,1741709321,4,0
Jacob,1741709328,1741709338,5,0
Jacob,1741709342,1741709352,6,0
Jacob,1741709359,1741709369,7,0
Jacob,1741709375,1741709385,8,0
Jacob,1741709389,1741709399,9,0
Jacob,1741709407,1741709417,10,0
Jacob,1741709421,1741709431,11,0
Jacob,1741709436,1741709446,12,0
Jacob,1741709451,1741709461,13,0
Jacob,1741709465,1741709475,14,0
Jacob,1741709483,1741709493,15,0
Jacob,1741709497,1741709507,16,0
Jacob,1741709512,1741709522,17,0
Jacob,1741709527,1741709537,18,0
Jacob,1741709543,1741709553,19,0
Maksim,1741711347,1741711357,0,0
Maksim,1741711362,1741711372,1,0
Maksim,1741711376,1741711386,2,0
Maksim,1741711390,1741711400,3,0
Maksim,1741711405,1741711415,4,0
Maksim,1741711423,1741711433,5,0
Maksim,1741711440,1741711450,6,0
Maksim,1741711454,1741711464,7,0
Maksim,1741711469,1741711479,8,0
Maksim,1741711484,1741711494,9,0
Maksim,1741711502,1741711512,10,0
Maksim,1741711516,1741711526,11,0
Maksim,1741711530,1741711540,12,0
Maksim,1741711544,1741711554,13,0
Maksim,1741711558,1741711568,14,0
Maksim,1741711576,1741711586,15,0
Maksim,1741711590,1741711600,16,0
Maksim,1741711604,1741711614,17,0
Maksim,1741711618,1741711628,18,0
Maksim,1741711632,1741711642,19,0
Stein,1741712168,1741712178,0,0
Stein,1741712219,1741712230,1,0
Stein,1741712235,1741712245,2,0
Stein,1741712249,1741712259,3,0
Stein,1741712273,1741712283,4,0
Stein,1741712290,1741712300,5,0
Stein,1741712306,1741712317,6,0
Stein,1741712321,1741712331,7,0
Stein,1741712336,1741712346,8,0
Stein,1741712349,1741712360,9,0
Stein,1741712366,1741712376,10,0
Stein,1741712380,1741712390,11,0
Stein,1741712394,1741712404,12,0
Stein,1741712408,1741712418,13,0
Stein,1741712422,1741712432,14,0
Stein,1741712438,1741712448,15,0
Stein,1741712452,1741712462,16,0
Stein,1741712466,1741712476,17,0
Stein,1741712480,1741712490,18,0
Stein,1741712494,1741712504,19,0
Wout,1741784828,1741784838,0,0
Wout,1741784844,1741784854,1,0
Wout,1741784859,1741784869,2,0
Wout,1741784916,1741784926,3,0
Wout,1741784931,1741784941,4,0
Wout,1741784950,1741784960,5,0
Wout,1741784966,1741784976,6,0
Wout,1741784985,1741784995,7,0
Wout,1741785172,1741785182,8,0
Wout,1741785187,1741785197,9,0
Wout,1741785206,1741785216,10,0
Wout,1741785222,1741785232,11,0
Wout,1741785236,1741785246,12,0
Wout,1741785250,1741785260,13,0
Wout,1741785264,1741785274,14,0
Wout,1741785282,1741785292,15,0
Wout,1741785296,1741785306,16,0
Wout,1741785310,1741785320,17,0
Wout,1741785325,1741785335,18,0
Wout,1741785339,1741785349,19,0
Xinlei liu,1741785902,1741785912,0,0
Xinlei liu,1741785917,1741785927,1,0
Xinlei liu,1741785932,1741785942,2,0
Xinlei liu,1741785946,1741785956,3,0
Xinlei liu,1741785961,1741785971,4,0
Xinlei liu,1741785980,1741785990,5,0
Xinlei liu,1741785994,1741786005,6,0
Xinlei liu,1741786008,1741786018,7,0
Xinlei liu,1741786022,1741786032,8,0
Xinlei liu,1741786037,1741786047,9,0
Xinlei liu,1741786057,1741786067,10,0
Xinlei liu,1741786071,1741786081,11,0
Xinlei liu,1741786085,1741786095,12,0
Xinlei liu,1741786236,1741786246,13,0
Xinlei liu,1741786252,1741786262,14,0
Xinlei liu,1741786272,1741786282,15,0
Xinlei liu,1741786287,1741786297,16,0
Xinlei liu,1741786301,1741786311,17,0
Xinlei liu,1741786317,1741786327,18,0
Xinlei liu,1741786332,1741786342,19,0
Sadegh,1741787136,1741787146,0,0
Sadegh,1741787150,1741787160,1,0
Sadegh,1741787276,1741787286,2,0
Sadegh,1741787291,1741787301,3,0
Sadegh,1741787304,1741787314,4,0
Sadegh,1741787320,1741787330,5,0
Sadegh,1741787334,1741787344,6,0
Sadegh,1741787480,1741787490,7,0
Sadegh,1741787494,1741787504,8,0
Sadegh,1741787508,1741787518,9,0
Sadegh,1741787525,1741787535,10,0
Sadegh,1741787540,1741787550,11,0
Sadegh,1741787554,1741787564,12,0
Sadegh,1741787568,1741787578,13,0
Sadegh,1741787581,1741787591,14,0
Sadegh,1741787599,1741787609,15,0
Sadegh,1741787613,1741787624,16,0
Sadegh,1741787627,1741787637,17,0
Sadegh,1741787642,1741787652,18,0
Sadegh,1741787655,1741787666,19,0
David,1741788191,1741788201,0,0
David,1741788220,1741788230,1,0
David,1741788235,1741788245,2,0
David,1741788250,1741788260,3,0
David,1741788264,1741788274,4,0
David,1741788285,1741788295,5,0
David,1741788299,1741788309,6,0
David,1741788313,1741788323,7,0
David,1741788329,1741788339,8,0
David,1741788344,1741788354,9,0
David,1741788364,1741788375,10,0
David,1741788382,1741788392,11,0
David,1741788397,1741788408,12,0
David,1741788413,1741788423,13,0
David,1741788428,1741788438,14,0
David,1741788446,1741788456,15,0
David,1741788459,1741788470,16,0
David,1741788474,1741788485,17,0
David,1741788490,1741788500,18,0
David,1741788505,1741788515,19,0
Arno,1741789087,1741789097,0,0
Arno,1741789105,1741789115,1,0
Arno,1741789120,1741789130,2,0
Arno,1741789134,1741789144,3,0
Arno,1741789149,1741789159,4,0
Arno,1741789168,1741789178,5,0
Arno,1741789183,1741789193,6,0
Arno,1741789198,1741789208,7,0
Arno,1741789214,1741789224,8,0
Arno,1741789229,1741789239,9,0
Arno,1741789248,1741789258,10,0
Arno,1741789266,1741789276,11,0
Arno,1741789281,1741789291,12,0
Arno,1741789296,1741789306,13,0
Arno,1741789310,1741789320,14,0
Arno,1741789329,1741789339,15,0
Arno,1741789343,1741789353,16,0
Arno,1741789356,1741789367,17,0
Arno,1741789370,1741789381,18,0
Arno,1741789385,1741789395,19,0
Andre,1741790422,1741790432,0,0
Andre,1741790442,1741790452,1,0
Andre,1741790456,1741790466,2,0
Andre,1741790470,1741790480,3,0
Andre,1741790485,1741790495,4,0
Andre,1741790504,1741790514,5,0
Andre,1741790519,1741790529,6,0
Andre,1741790534,1741790544,7,0
Andre,1741790548,1741790558,8,0
Andre,1741790562,1741790572,9,0
Andre,1741790579,1741790589,10,0
Andre,1741790593,1741790603,11,0
Andre,1741790608,1741790618,12,0
Andre,1741790620,1741790631,13,0
Andre,1741790637,1741790647,14,0
Andre,1741790655,1741790665,15,0
Andre,1741790669,1741790679,16,0
Andre,1741790686,1741790697,17,0
Andre,1741790701,1741790711,18,0
Andre,1741790715,1741790725,19,0
Peter,1741791798,1741791809,0,0
Peter,1741791813,1741791823,1,0
Peter,1741791827,1741791837,2,0
Peter,1741791842,1741791852,3,0
Peter,1741791856,1741791867,4,0
Peter,1741792645,1741792655,5,0
Peter,1741792660,1741792670,6,0
Peter,1741792678,1741792688,7,0
Peter,1741792692,1741792702,8,0
Peter,1741792708,1741792719,9,0
Peter,1741792730,1741792740,10,0
Peter,1741792745,1741792755,11,0
Peter,1741792761,1741792771,12,0
Peter,1741792776,1741792786,13,0
Peter,1741792792,1741792802,14,0
Peter,1741792810,1741792820,15,0
Peter,1741792827,1741792837,16,0
Peter,1741792844,1741792854,17,0
Peter,1741792860,1741792870,18,0
Peter,1741792876,1741792886,19,0
Andres maria,1741872135,1741872145,0,0
Andres maria,1741872149,1741872159,1,0
Andres maria,1741872162,1741872172,2,0
Andres maria,1741872175,1741872185,3,0
Andres maria,1741872189,1741872199,4,0
Andres maria,1741872210,1741872220,5,0
Andres maria,1741872225,1741872235,6,0
Andres maria,1741872242,1741872252,7,0
Andres maria,1741872265,1741872275,8,0
Andres maria,1741872283,1741872293,9,0
Andres maria,1741872369,1741872379,10,0
Andres maria,1741872383,1741872393,11,0
Andres maria,1741872396,1741872406,12,0
Andres maria,1741872489,1741872499,13,0
Andres maria,1741872503,1741872513,14,0
Andres maria,1741872586,1741872596,15,0
Andres maria,1741872600,1741872610,16,0
Andres maria,1741872613,1741872623,17,0
Andres maria,1741872627,1741872637,18,0
Andres maria,1741872641,1741872652,19,0
Ruben,1741873185,1741873195,0,0
Ruben,1741873483,1741873493,1,0
Ruben,1741873497,1741873507,2,0
Ruben,1741873512,1741873522,3,0
Ruben,1741873526,1741873536,4,0
Ruben,1741873545,1741873555,5,0
Ruben,1741873558,1741873568,6,0
Ruben,1741873572,1741873582,7,0
Ruben,1741873586,1741873596,8,0
Ruben,1741873601,1741873611,9,0
Ruben,1741873618,1741873628,10,0
Ruben,1741873632,1741873642,11,0
Ruben,1741873646,1741873656,12,0
Ruben,1741873660,1741873670,13,0
Ruben,1741873675,1741873685,14,0
Ruben,1741873694,1741873704,15,0
Ruben,1741873709,1741873719,16,0
Ruben,1741873722,1741873732,17,0
Ruben,1741873736,1741873746,18,0
Ruben,1741873750,1741873760,19,0
Matthias,1741874593,1741874603,0,0
Matthias,1741874630,1741874640,1,0
Matthias,1741874644,1741874654,2,0
Matthias,1741874657,1741874667,3,0
Matthias,1741874671,1741874681,4,0
Matthias,1741874689,1741874699,5,0
Matthias,1741874702,1741874712,6,0
Matthias,1741874715,1741874725,7,0
Matthias,1741874729,1741874739,8,0
Matthias,1741874752,1741874762,9,0
Matthias,1741874769,1741874779,10,0
Matthias,1741874782,1741874793,11,0
Matthias,1741874796,1741874806,12,0
Matthias,1741874811,1741874821,13,0
Matthias,1741874824,1741874834,14,0
Matthias,1741874842,1741874852,15,0
Matthias,1741874856,1741874866,16,0
Matthias,1741874870,1741874880,17,0
Matthias,1741874884,1741874894,18,0
Matthias,1741874898,1741874908,19,0
Stein,1741875327,1741875337,0,0
Stein,1741875343,1741875353,1,0
Stein,1741875361,1741875371,2,0
Stein,1741875378,1741875388,3,0
Stein,1741875395,1741875405,4,0
Stein,1741875414,1741875424,5,0
Stein,1741875429,1741875440,6,0
Stein,1741875445,1741875455,7,0
Stein,1741875461,1741875471,8,0
Stein,1741875477,1741875487,9,0
Stein,1741875496,1741875506,10,0
Stein,1741875512,1741875522,11,0
Stein,1741875529,1741875539,12,0
Stein,1741875546,1741875556,13,0
Stein,1741875564,1741875574,14,0
Stein,1741875582,1741875592,15,0
Stein,1741875599,1741875609,16,0
Stein,1741875616,1741875626,17,0
Stein,1741875632,1741875642,18,0
Stein,1741875650,1741875660,19,0
Maksim,1741876200,1741876210,0,0
Maksim,1741876215,1741876225,1,0
Maksim,1741876230,1741876240,2,0
Maksim,1741876244,1741876255,3,0
Maksim,1741876259,1741876269,4,0
Maksim,1741876276,1741876287,5,0
Maksim,1741876291,1741876301,6,0
Maksim,1741876307,1741876317,7,0
Maksim,1741876321,1741876331,8,0
Maksim,1741876336,1741876346,9,0
Maksim,1741876356,1741876366,10,0
Maksim,1741876371,1741876381,11,0
Maksim,1741876386,1741876396,12,0
Maksim,1741876400,1741876410,13,0
Maksim,1741876415,1741876425,14,0
Maksim,1741876434,1741876444,15,0
Maksim,1741876450,1741876460,16,0
Maksim,1741876465,1741876475,17,0
Maksim,1741876479,1741876489,18,0
Maksim,1741876494,1741876504,19,0
Stein,1741876678,1741876688,0,0
Stein,1741876695,1741876705,1,0
Stein,1741876711,1741876721,2,0
Stein,1741876728,1741876738,3,0
Stein,1741876745,1741876755,4,0
Stein,1741876763,1741876773,5,0
Stein,1741876779,1741876789,6,0
Stein,1741876795,1741876805,7,0
Stein,1741876812,1741876822,8,0
Stein,1741876828,1741876838,9,0
Stein,1741876846,1741876856,10,0
Stein,1741876862,1741876872,11,0
Stein,1741876878,1741876888,12,0
Stein,1741876895,1741876905,13,0
Stein,1741876912,1741876922,14,0
Stein,1741876932,1741876942,15,0
Stein,1741876950,1741876960,16,0
Stein,1741876966,1741876976,17,0
Stein,1741876989,1741876999,18,0
Stein,1741877005,1741877015,19,0
Priyesh,1741877379,1741877389,0,0
Priyesh,1741877393,1741877403,1,0
Priyesh,1741877407,1741877417,2,0
Priyesh,1741877421,1741877431,3,0
Priyesh,1741877435,1741877445,4,0
Priyesh,1741877458,1741877468,5,0
Priyesh,1741877475,1741877485,6,0
Priyesh,1741877489,1741877499,7,0
Priyesh,1741877504,1741877514,8,0
Priyesh,1741877522,1741877532,9,0
Priyesh,1741877542,1741877552,10,0
Priyesh,1741877557,1741877567,11,0
Priyesh,1741877572,1741877583,12,0
Priyesh,1741877588,1741877598,13,0
Priyesh,1741877603,1741877613,14,0
Priyesh,1741877625,1741877635,15,0
Priyesh,1741877641,1741877651,16,0
Priyesh,1741877657,1741877667,17,0
Priyesh,1741877673,1741877683,18,0
Priyesh,1741877690,1741877700,19,0
Lynn,1741878694,1741878704,0,0
Lynn,1741878708,1741878718,1,0
Lynn,1741878722,1741878732,2,0
Lynn,1741878736,1741878746,3,0
Lynn,1741878751,1741878761,4,0
Lynn,1741878769,1741878779,5,0
Lynn,1741878782,1741878792,6,0
Lynn,1741878795,1741878806,7,0
Lynn,1741878809,1741878819,8,0
Lynn,1741878824,1741878834,9,0
Lynn,1741878840,1741878850,10,0
Lynn,1741878854,1741878864,11,0
Lynn,1741878868,1741878878,12,0
Lynn,1741878881,1741878891,13,0
Lynn,1741878895,1741878905,14,0
Lynn,1741878912,1741878922,15,0
Lynn,1741878927,1741878937,16,0
Lynn,1741878941,1741878951,17,0
Lynn,1741878957,1741878967,18,0
Lynn,1741878971,1741878981,19,0
Maksim,1741880089,1741880099,0,0
Maksim,1741880104,1741880114,1,0
Maksim,1741880119,1741880129,2,0
Maksim,1741880133,1741880143,3,0
Maksim,1741880148,1741880158,4,0
Maksim,1741880165,1741880175,5,0
Maksim,1741880179,1741880189,6,0
Maksim,1741880193,1741880203,7,0
Maksim,1741880208,1741880218,8,0
Maksim,1741880223,1741880233,9,0
Maksim,1741880240,1741880250,10,0
Maksim,1741880255,1741880265,11,0
Maksim,1741880269,1741880279,12,0
Maksim,1741880284,1741880294,13,0
Maksim,1741880298,1741880308,14,0
Maksim,1741880316,1741880326,15,0
Maksim,1741880330,1741880340,16,0
Maksim,1741880344,1741880354,17,0
Maksim,1741880358,1741880368,18,0
Maksim,1741880373,1741880383,19,0
Stein,1741880470,1741880480,0,0
Stein,1741880486,1741880496,1,0
Stein,1741880502,1741880512,2,0
Stein,1741880518,1741880528,3,0
Stein,1741880534,1741880545,4,0
Stein,1741880552,1741880562,5,0
Stein,1741880568,1741880578,6,0
Stein,1741880585,1741880595,7,0
Stein,1741880601,1741880611,8,0
Stein,1741880618,1741880628,9,0
Stein,1741880636,1741880646,10,0
Stein,1741880662,1741880672,11,0
Stein,1741880679,1741880689,12,0
Stein,1741880696,1741880706,13,0
Stein,1741880712,1741880722,14,0
Stein,1741880730,1741880740,15,0
Stein,1741880767,1741880777,16,0
Stein,1741880786,1741880796,17,0
Stein,1741880803,1741880813,18,0
Stein,1741880821,1741880831,19,0
