Maksim,1741618499,1741618509,0,0
Maksim,1741618515,1741618525,1,0
Maksim,1741618531,1741618541,2,0
Maksim,1741618546,1741618556,3,0
Maksim,1741618561,1741618571,4,0
Maksim,1741618583,1741618593,5,0
Maksim,1741618604,1741618614,6,0
Maksim,1741618625,1741618635,7,0
Maksim,1741618640,1741618650,8,0
Maksim,1741618660,1741618670,9,0
Maksim,1741618679,1741618690,10,0
Maksim,1741618694,1741618704,11,0
Maksim,1741618709,1741618719,12,0
Maksim,1741618723,1741618733,13,0
Maksim,1741618738,1741618748,14,0
Maksim,1741618755,1741618765,15,0
Maksim,1741618769,1741618779,16,0
Maksim,1741618783,1741618793,17,0
Maksim,1741618798,1741618808,18,0
Maksim,1741618814,1741618824,19,0
Nabeel,1741697871,1741697881,0,0
Nabeel,1741697892,1741697902,1,0
Nabeel,1741697907,1741697917,2,0
Nabeel,1741697920,1741697930,3,0
Nabeel,1741697934,1741697944,4,0
Nabeel,1741697952,1741697962,5,0
Nabeel,1741697965,1741697975,6,0
Nabeel,1741697979,1741697989,7,0
Nabeel,1741697992,1741698002,8,0
Nabeel,1741698006,1741698016,9,0
Nabeel,1741698023,1741698033,10,0
Nabeel,1741698036,1741698046,11,0
Nabeel,1741698051,1741698061,12,0
Nabeel,1741698064,1741698074,13,0
Nabeel,1741698079,1741698089,14,0
Nabeel,1741698096,1741698106,15,0
Nabeel,1741698110,1741698120,16,0
Nabeel,1741698124,1741698134,17,0
Nabeel,1741698138,1741698148,18,0
Nabeel,1741698151,1741698161,19,0
Henk,1741698860,1741698870,0,0
Henk,1741698876,1741698887,1,0
Henk,1741698892,1741698902,2,0
Henk,1741698907,1741698917,3,0
Henk,1741698922,1741698932,4,0
Henk,1741698942,1741698952,5,0
Henk,1741698957,1741698967,6,0
Henk,1741698971,1741698981,7,0
Henk,1741699009,1741699019,8,0
Henk,1741699025,1741699035,9,0
Henk,1741699044,1741699054,10,0
Henk,1741699060,1741699070,11,0
Henk,1741699075,1741699085,12,0
Henk,1741699089,1741699099,13,0
Henk,1741699103,1741699113,14,0
Henk,1741699120,1741699131,15,0
Henk,1741699135,1741699145,16,0
Henk,1741699150,1741699160,17,0
Henk,1741699164,1741699174,18,0
Henk,1741699179,1741699189,19,0
Daniel,1741699831,1741699841,0,0
Daniel,1741699849,1741699859,1,0
Daniel,1741699864,1741699874,2,0
Daniel,1741699879,1741699889,3,0
Daniel,1741699895,1741699905,4,0
Daniel,1741699914,1741699924,5,0
Daniel,1741699929,1741699939,6,0
Daniel,1741699945,1741699955,7,0
Daniel,1741699961,1741699971,8,0
Daniel,1741699976,1741699987,9,0
Daniel,1741699996,1741700006,10,0
Daniel,1741700012,1741700022,11,0
Daniel,1741700028,1741700038,12,0
Daniel,1741700044,1741700054,13,0
Daniel,1741700061,1741700071,14,0
Daniel,1741700081,1741700091,15,0
Daniel,1741700097,1741700107,16,0
Daniel,1741700112,1741700122,17,0
Daniel,1741700127,1741700137,18,0
Daniel,1741700142,1741700152,19,0
Fabian,1741701305,1741701315,0,0
Fabian,1741701320,1741701330,1,0
Fabian,1741701335,1741701345,2,0
Fabian,1741701348,1741701358,3,0
Fabian,1741701361,1741701371,4,0
Fabian,1741701382,1741701392,5,0
Fabian,1741701396,1741701406,6,0
Fabian,1741701409,1741701419,7,0
Fabian,1741701423,1741701433,8,0
Fabian,1741701436,1741701446,9,0
Fabian,1741701454,1741701464,10,0
Fabian,1741701467,1741701477,11,0
Fabian,1741701481,1741701491,12,0
Fabian,1741701494,1741701504,13,0
Fabian,1741701508,1741701518,14,0
Fabian,1741701524,1741701534,15,0
Fabian,1741701538,1741701548,16,0
Fabian,1741701551,1741701561,17,0
Fabian,1741701564,1741701574,18,0
Fabian,1741701578,1741701588,19,0
